step,loss
501,0.001393782440572977
502,0.004292901139706373
503,0.009019243530929089
504,0.0014928182354196906
505,0.002079398836940527
506,0.0024358462542295456
507,0.0024731438606977463
508,0.009474450722336769
509,0.002225995995104313
510,0.0019245842704549432
511,0.003240352962166071
512,0.0013091834262013435
513,0.003993397578597069
514,0.003048284910619259
515,0.00247581978328526
516,0.003298090770840645
517,0.0037999851629137993
518,0.011464368551969528
519,0.0022531431168317795
520,0.002299583051353693
521,0.0024812002666294575
522,0.004376089200377464
523,0.0023280635941773653
524,0.002692011184990406
525,0.0027154518757015467
526,0.0035084490664303303
527,0.006448703818023205
528,0.002003731206059456
529,0.0033035255037248135
530,0.002849038690328598
531,0.002204472664743662
532,0.0065687475726008415
533,0.0036303589586168528
534,0.0015594542492181063
535,0.0017604592721909285
536,0.0017670767847448587
537,0.004112434573471546
538,0.004792550578713417
539,0.0021928753703832626
540,0.0024050669744610786
541,0.003323302138596773
542,0.001629106467589736
543,0.004673803690820932
544,0.004265332594513893
545,0.0038111195899546146
546,0.005341522395610809
547,0.0018183658830821514
548,0.0022018160670995712
549,0.0025388647336512804
550,0.002425118815153837
551,0.002376479096710682
552,0.008039607666432858
553,0.0013252224307507277
554,0.003606062149628997
555,0.01654532365500927
556,0.024100366979837418
557,0.002940535079687834
558,0.004254953004419804
559,0.00183611991815269
560,0.0011344219092279673
561,0.0025486061349511147
562,0.001777637517079711
563,0.0016933181323111057
564,0.002191960345953703
565,0.003705419832840562
566,0.00809154286980629
567,0.0027274955064058304
568,0.003453575074672699
569,0.002423099707812071
570,0.0019726199097931385
571,0.008338232524693012
572,0.0024841302074491978
573,0.0028704360593110323
574,0.0018901043804362416
575,0.0024652897845953703
576,0.0031336944084614515
577,0.002519449684768915
578,0.018193261697888374
579,0.003154862206429243
580,0.001974101411178708
581,0.0013590644812211394
582,0.0028177150525152683
583,0.004634040407836437
584,0.004119683988392353
585,0.005027392879128456
586,0.0043405285105109215
587,0.0011304374784231186
588,0.00522112101316452
589,0.0049698231741786
590,0.0049787722527980804
591,0.004145236685872078
592,0.003423377638682723
593,0.004833099897950888
594,0.006520660128444433
595,0.002435050206258893
596,0.002260357141494751
597,0.00865731667727232
598,0.004170317202806473
599,0.0059479302726686
600,0.0013240750413388014
601,0.002570581855252385
602,0.0017304448410868645
603,0.002019248902797699
604,0.007645013742148876
605,0.0011723386123776436
606,0.006032999604940414
607,0.002461452968418598
608,0.004633231554180384
609,0.0036355273332446814
610,0.005372432991862297
611,0.0032042027451097965
612,0.0019784714095294476
613,0.002566894982010126
614,0.003441685577854514
615,0.0028368690982460976
616,0.0033314120955765247
617,0.0034182339441031218
618,0.003569608787074685
619,0.006761088967323303
620,0.0015911806840449572
621,0.0033979923464357853
622,0.0038994993083178997
623,0.0016989336581900716
624,0.0032365042716264725
625,0.001938102999702096
626,0.003392998594790697
627,0.0035403352230787277
628,0.004714846145361662
629,0.002533000661060214
630,0.0051099075935781
631,0.001712094061076641
632,0.0037552122958004475
633,0.001056145178154111
634,0.002575174905359745
635,0.0030408925376832485
636,0.0018092903774231672
637,0.0020348909310996532
638,0.0031971780117601156
639,0.0035107748117297888
640,0.0018026394536718726
641,0.0037944656796753407
642,0.0015478775603696704
643,0.006368235684931278
644,0.004175853915512562
645,0.003618313930928707
646,0.002316606231033802
647,0.0019636403303593397
648,0.003029493149369955
649,0.0028812838718295097
650,0.0026408149860799313
651,0.0021789297461509705
652,0.005429389886558056
653,0.0025071909185498953
654,0.0015438776463270187
655,0.002850448712706566
656,0.002349821152165532
657,0.004885178059339523
658,0.010269323363900185
659,0.0046761371195316315
660,0.001489015994593501
661,0.0050126719288527966
662,0.0018595330184325576
663,0.0033799537923187017
664,0.004314005374908447
665,0.0026159484405070543
666,0.0012639581691473722
667,0.002531594131141901
668,0.0046150460839271545
669,0.0021625570952892303
670,0.0017335402080789208
671,0.005388700403273106
672,0.002717501251026988
673,0.007621072232723236
674,0.002973003312945366
675,0.002952578943222761
676,0.0031266859732568264
677,0.014217546209692955
678,0.0020829159766435623
679,0.002687065862119198
680,0.0131589500233531
681,0.003203829051926732
682,0.0024670646525919437
683,0.002427020575851202
684,0.004839158151298761
685,0.0016676776576787233
686,0.008527896367013454
687,0.002950779628008604
688,0.0022589589934796095
689,0.0024221022613346577
690,0.0026063586119562387
691,0.003155534854158759
692,0.003294146852567792
693,0.008124742656946182
694,0.002745249541476369
695,0.007407788187265396
696,0.0026396792382001877
697,0.0034265914000570774
698,0.004019187763333321
699,0.002494687447324395
700,0.003900389187037945
701,0.005750677082687616
702,0.01053597405552864
703,0.007863152772188187
704,0.00199048756621778
705,0.0030037015676498413
706,0.002481902716681361
707,0.0055245403200387955
708,0.0026198471896350384
709,0.002559684682637453
710,0.0052446406334638596
711,0.0018624323420226574
712,0.0033890949562191963
713,0.00428755534812808
714,0.0059744445607066154
715,0.0022378501016646624
716,0.0025461071636527777
717,0.003830262692645192
718,0.002014754805713892
719,0.0017914060736075044
720,0.003670195583254099
721,0.00258319778367877
722,0.0058016227558255196
723,0.0022944817319512367
724,0.011110959574580193
725,0.002219181042164564
726,0.0014853138709440827
727,0.004744304344058037
728,0.0032070069573819637
729,0.0038828300312161446
730,0.003242595586925745
731,0.001952456310391426
732,0.0024701463989913464
733,0.003207744099199772
734,0.002111101523041725
735,0.004595603793859482
736,0.005330389831215143
737,0.002557269763201475
738,0.003269557375460863
739,0.005936783738434315
740,0.0030423286370933056
741,0.0029363036155700684
742,0.002366377506405115
743,0.004814398940652609
744,0.005003468599170446
745,0.00454971706494689
746,0.0031548612751066685
747,0.002218445762991905
748,0.002879336243495345
749,0.007000512443482876
750,0.0018066902412101626
751,0.0041152313351631165
752,0.004534115083515644
753,0.020416229963302612
754,0.004379741847515106
755,0.0024741326924413443
756,0.0028320681303739548
757,0.0070423344150185585
758,0.0037091299891471863
759,0.002585539361461997
760,0.003181842155754566
761,0.0027723873499780893
762,0.0025286648888140917
763,0.005375796929001808
764,0.006077596452087164
765,0.002472260966897011
766,0.004732166416943073
767,0.005909273400902748
768,0.0020209914073348045
769,0.001614112639799714
770,0.002196303103119135
771,0.00220339372754097
772,0.002348745707422495
773,0.003820554818958044
774,0.001718321000225842
775,0.003681512549519539
776,0.010038740932941437
777,0.007893937639892101
778,0.0027056587859988213
779,0.00344438967294991
780,0.0017941264668479562
781,0.0020277719013392925
782,0.007747782859951258
783,0.002203735988587141
784,0.019071701914072037
785,0.006550063379108906
786,0.002557667437940836
787,0.006769723258912563
788,0.00350928888656199
789,0.008731633424758911
790,0.0036388016305863857
791,0.002413517562672496
792,0.0021491702646017075
793,0.004350600764155388
794,0.0023072995245456696
795,0.002388603985309601
796,0.0036421148106455803
797,0.0025739315897226334
798,0.0018228708067908883
799,0.005995466373860836
800,0.0028942786157131195
801,0.0025620616506785154
802,0.0019446953665465117
803,0.0020595842506736517
804,0.002076745731756091
805,0.001766832428984344
806,0.010360833257436752
807,0.0030179601162672043
808,0.0026902747340500355
809,0.002105479594320059
810,0.002584924688562751
811,0.0035809394903481007
812,0.0029995334334671497
813,0.0012737561482936144
814,0.0029027415439486504
815,0.003248500404879451
816,0.006331972777843475
817,0.0037047741934657097
818,0.003425686387345195
819,0.0021802440751343966
820,0.002874245634302497
821,0.0028555351309478283
822,0.002177530899643898
823,0.0013908239779993892
824,0.002674250863492489
825,0.0018309785518795252
826,0.003680798225104809
827,0.007459657266736031
828,0.0035856219474226236
829,0.0017235109116882086
830,0.0025722458958625793
831,0.0013734891545027494
832,0.0038627409376204014
833,0.0023477538488805294
834,0.002256831619888544
835,0.004000166896730661
836,0.0015582083724439144
837,0.005059585440903902
838,0.0019161403179168701
839,0.017505403608083725
840,0.0014955142978578806
841,0.0012339814566075802
842,0.0034266377333551645
843,0.00284276413731277
844,0.0030818525701761246
845,0.004284685477614403
846,0.003007232677191496
847,0.0020427200943231583
848,0.0025838473811745644
849,0.007958530448377132
850,0.0028405203483998775
851,0.0020333142019808292
852,0.0024578841403126717
853,0.004207880236208439
854,0.004623474553227425
855,0.002167027210816741
856,0.003534024115651846
857,0.0021410821937024593
858,0.0024448889307677746
859,0.0029537363443523645
860,0.00324811227619648
861,0.003484127577394247
862,0.017322147265076637
863,0.0034425591584295034
864,0.006132197566330433
865,0.0014814569149166346
866,0.003030085004866123
867,0.002796613145619631
868,0.0037263515405356884
869,0.0019045216031372547
870,0.0043202778324484825
871,0.001387948403134942
872,0.005033629015088081
873,0.0010450350819155574
874,0.003028539475053549
875,0.001712287776172161
876,0.0021332241594791412
877,0.004427356645464897
878,0.003536683740094304
879,0.0025249524042010307
880,0.0044094109907746315
881,0.0026897857896983624
882,0.005623009987175465
883,0.0036730007268488407
884,0.010547135025262833
885,0.0028243581764400005
886,0.00201190123334527
887,0.0056510199792683125
888,0.0015766655560582876
889,0.003153497353196144
890,0.0032365170773118734
891,0.00846962258219719
892,0.0019428798696026206
893,0.0032217225525528193
894,0.006487608887255192
895,0.0037701455876231194
896,0.0028657307848334312
897,0.007617857772856951
898,0.021836761385202408
899,0.002297957194969058
900,0.002054485958069563
901,0.004342816770076752
902,0.0037218970246613026
903,0.0026713870465755463
904,0.002220753813162446
905,0.019872164353728294
906,0.0016145394183695316
907,0.007949223741889
908,0.006151188630610704
909,0.001969320699572563
910,0.001864891150034964
911,0.0018409185577183962
912,0.002789560705423355
913,0.0038572694174945354
914,0.0016824755584821105
915,0.002189110964536667
916,0.0026458140928298235
917,0.004621186293661594
918,0.01271183043718338
919,0.002044102642685175
920,0.0034924326464533806
921,0.002396742580458522
922,0.0016100790817290545
923,0.0024163248017430305
924,0.004231754690408707
925,0.0026976382359862328
926,0.0029990789480507374
927,0.0029292134568095207
928,0.0046795448288321495
929,0.004697463940829039
930,0.0023526474833488464
931,0.005028895568102598
932,0.006924535613507032
933,0.002538825385272503
934,0.0015239435015246272
935,0.008347366005182266
936,0.0021885065361857414
937,0.016691740602254868
938,0.0018071355298161507
939,0.005822710692882538
940,0.002191082574427128
941,0.012254491448402405
942,0.0026153167709708214
943,0.0024348204024136066
944,0.0012870862847194076
945,0.0041935378685593605
946,0.0036237877793610096
947,0.010136830620467663
948,0.01597585715353489
949,0.002699195872992277
950,0.0027711153961718082
951,0.004436049144715071
952,0.0024967871140688658
953,0.004156458657234907
954,0.00292587629519403
955,0.012002328410744667
956,0.0025515654124319553
957,0.0035401019267737865
958,0.003135685808956623
959,0.010264059528708458
960,0.003529977984726429
961,0.004622706677764654
962,0.00408382061868906
963,0.0037337816320359707
964,0.007861261256039143
965,0.0037382806185632944
966,0.0032327219378203154
967,0.0025157597847282887
968,0.003190551185980439
969,0.0029549633618444204
970,0.0019775591790676117
971,0.0018751901807263494
972,0.0037289669271558523
973,0.005696292966604233
974,0.0031463601626455784
975,0.00318099744617939
976,0.003336457535624504
977,0.0038268230855464935
978,0.004187260754406452
979,0.0021950742229819298
980,0.0026661185547709465
981,0.004661705810576677
982,0.006249474827200174
983,0.0016133651370182633
984,0.004016408231109381
985,0.0017007272690534592
986,0.001453916309401393
987,0.0034538996405899525
988,0.0019505119416862726
989,0.007470256183296442
990,0.0019740122370421886
991,0.0018464731983840466
992,0.009664176031947136
993,0.0026005986146628857
994,0.0033703534863889217
995,0.0025398251600563526
996,0.0026173654478043318
997,0.0020270878449082375
998,0.0048708864487707615
999,0.002635811222717166
1000,0.0030024994630366564
1001,0.0017637237906455994
1002,0.011635796166956425
1003,0.004798321519047022
1004,0.0023350603878498077
1005,0.002430817112326622
1006,0.0042202528566122055
1007,0.0036618015728890896
1008,0.0029165991581976414
1009,0.0015740420203655958
1010,0.003674275241792202
1011,0.0018311423482373357
1012,0.0038165641017258167
1013,0.002860273467376828
1014,0.002844866830855608
1015,0.0031009954400360584
1016,0.0025622211396694183
1017,0.0019747521728277206
1018,0.005469642113894224
1019,0.0027041109278798103
1020,0.002555686281993985
1021,0.00347905489616096
1022,0.0015036858385428786
1023,0.0021096873097121716
1024,0.0021467304322868586
1025,0.016190005466341972
1026,0.0023149149492383003
1027,0.006020044442266226
1028,0.003691862104460597
1029,0.002022410277277231
1030,0.0016721503343433142
1031,0.004513898864388466
1032,0.0025539672933518887
1033,0.0013185987481847405
1034,0.0022067194804549217
1035,0.0034748436883091927
1036,0.00276930071413517
1037,0.0018820755649358034
1038,0.0029714140109717846
1039,0.00442224508151412
1040,0.0041800448670983315
1041,0.0028562608640640974
1042,0.002953752875328064
1043,0.004018189385533333
1044,0.001628340920433402
1045,0.002511739730834961
1046,0.002391753252595663
1047,0.0071515715681016445
1048,0.002560768276453018
1049,0.001401883433572948
1050,0.0014225491322577
1051,0.0030314787290990353
1052,0.00426710257306695
1053,0.004670231603085995
1054,0.0028792591765522957
1055,0.002250632271170616
1056,0.0018856890965253115
1057,0.00762895355001092
1058,0.007904225960373878
1059,0.0019720064010471106
1060,0.0016999843064695597
1061,0.003798795398324728
1062,0.003704817732796073
1063,0.0006409062189050019
1064,0.0021777888759970665
1065,0.0021290781442075968
1066,0.008334190584719181
1067,0.0017212926177307963
1068,0.002851154888048768
1069,0.0028127930127084255
1070,0.0027818374801427126
1071,0.001797092380002141
1072,0.0030603413470089436
1073,0.005727715790271759
1074,0.008677210658788681
1075,0.004349002614617348
1076,0.003997229505330324
1077,0.0013029812835156918
1078,0.012297121807932854
1079,0.0032078472431749105
1080,0.0019709933549165726
1081,0.0017475765198469162
1082,0.0021211744751781225
1083,0.0022751763463020325
1084,0.0016138837672770023
1085,0.004177377093583345
1086,0.0022612204775214195
1087,0.0030452082864940166
1088,0.0030584416817873716
1089,0.0040992433205246925
1090,0.005979384295642376
1091,0.0023586719762533903
1092,0.0032045955304056406
1093,0.007652243599295616
1094,0.002242574468255043
1095,0.021075954660773277
1096,0.0027659598272293806
1097,0.003223944455385208
1098,0.004380957223474979
1099,0.004105197731405497
1100,0.0025069210678339005
1101,0.002429952146485448
1102,0.003669865196570754
1103,0.0025912842247635126
1104,0.0025856809224933386
1105,0.005591521970927715
1106,0.002583354478701949
1107,0.002542010508477688
1108,0.003900070209056139
1109,0.004023442976176739
1110,0.0017491887556388974
1111,0.005028046201914549
1112,0.002916668076068163
1113,0.004687993787229061
1114,0.0021167751401662827
1115,0.0014019965892657638
1116,0.0022577280178666115
1117,0.0016928475815802813
1118,0.003020480740815401
1119,0.001409891527146101
1120,0.0016156104393303394
1121,0.005105005577206612
1122,0.0012105732457712293
1123,0.003783822525292635
1124,0.0014142644358798862
1125,0.004258014727383852
1126,0.0034310277551412582
1127,0.003488199319690466
1128,0.0028631058521568775
1129,0.004946468397974968
1130,0.002182617085054517
1131,0.003495850134640932
1132,0.0029086205177009106
1133,0.0027932424563914537
1134,0.009144408628344536
1135,0.002394437324255705
1136,0.0012783962301909924
1137,0.002559150569140911
1138,0.004431300796568394
1139,0.003077625995501876
1140,0.0038966373540461063
1141,0.00310185132548213
1142,0.003461614716798067
1143,0.0034913504496216774
1144,0.0018408531323075294
1145,0.0043183909729123116
1146,0.00388473947532475
1147,0.004403488710522652
1148,0.0012043245369568467
1149,0.010153751820325851
1150,0.0022894153371453285
1151,0.004578850697726011
1152,0.00497816689312458
1153,0.0034516071900725365
1154,0.0018186761299148202
1155,0.007149404846131802
1156,0.002897912636399269
1157,0.0021668849512934685
1158,0.0020606457255780697
1159,0.0028019968885928392
1160,0.00619907584041357
1161,0.015309157781302929
1162,0.002154427580535412
1163,0.0022806564811617136
1164,0.0020394574385136366
1165,0.00272591644898057
1166,0.0032879565842449665
1167,0.004793711472302675
1168,0.027064893394708633
1169,0.0023613665252923965
1170,0.0013687529135495424
1171,0.0016289849299937487
1172,0.0023881206288933754
1173,0.004663111176341772
1174,0.0012502289609983563
1175,0.0031038066372275352
1176,0.010883812792599201
1177,0.002428289270028472
1178,0.0031552608124911785
1179,0.007689329795539379
1180,0.003519624238833785
1181,0.0039518531411886215
1182,0.004493262618780136
1183,0.002553111407905817
1184,0.0026094303466379642
1185,0.0037522243801504374
1186,0.005418095272034407
1187,0.0029953704215586185
1188,0.00470093684270978
1189,0.0051050144247710705
1190,0.004226460121572018
1191,0.0028520841151475906
1192,0.0027855827938765287
1193,0.0027464234735816717
1194,0.0026336261071264744
1195,0.009293070994317532
1196,0.00395615678280592
1197,0.002519722795113921
1198,0.001752879936248064
1199,0.003931792918592691
1200,0.004838114604353905
1201,0.00215949397534132
1202,0.002528037875890732
1203,0.013454535976052284
1204,0.0020673901308327913
1205,0.0037886505015194416
1206,0.0025130005087703466
1207,0.0025873940903693438
1208,0.007476834114640951
1209,0.019660595804452896
1210,0.002950844122096896
1211,0.002303778426721692
1212,0.003546417923644185
1213,0.0024731787852942944
1214,0.0018090602243319154
1215,0.0024669801350682974
1216,0.005698848981410265
1217,0.002255878411233425
1218,0.002228225814178586
1219,0.002443695440888405
1220,0.0022660614922642708
1221,0.003535238094627857
1222,0.004827037453651428
1223,0.003545404877513647
1224,0.001551188644953072
1225,0.008531828410923481
1226,0.001993349753320217
1227,0.004455310292541981
1228,0.0055390531197190285
1229,0.003479542676359415
1230,0.0046811820939183235
1231,0.0028495483566075563
1232,0.004070308990776539
1233,0.0016212724149227142
1234,0.004094836302101612
1235,0.0022051408886909485
1236,0.004805535543709993
1237,0.003246915992349386
1238,0.013092795386910439
1239,0.002345740795135498
1240,0.0021132100373506546
1241,0.006705597974359989
1242,0.0035812912974506617
1243,0.002815436804667115
1244,0.0028268839232623577
1245,0.005354861728847027
1246,0.0043761348351836205
1247,0.0023456052877008915
1248,0.003160411026328802
1249,0.004527178592979908
1250,0.0017404273385182023
1251,0.002290301024913788
1252,0.0014613056555390358
1253,0.015057393349707127
1254,0.014185971580445766
1255,0.0017454884946346283
1256,0.003073466708883643
1257,0.0018023657612502575
1258,0.0026696636341512203
1259,0.0055121565237641335
1260,0.00754671823233366
1261,0.003855346469208598
1262,0.0025089012924581766
1263,0.002117242431268096
1264,0.002088892739266157
1265,0.0040985653176903725
1266,0.005884073209017515
1267,0.0016877218149602413
1268,0.002763270167633891
1269,0.004421823658049107
1270,0.0019118309719488025
1271,0.0025997438933700323
1272,0.013067236170172691
1273,0.0030184255447238684
1274,0.026762869209051132
1275,0.0021679624915122986
1276,0.005494296085089445
1277,0.003642427269369364
1278,0.0053035663440823555
1279,0.004708770662546158
1280,0.004430138505995274
1281,0.00483535323292017
1282,0.005118072964251041
1283,0.00798636581748724
1284,0.0055467234924435616
1285,0.006339035928249359
1286,0.0028360667638480663
1287,0.002520918846130371
1288,0.004372842609882355
1289,0.002843777183443308
1290,0.0034661658573895693
1291,0.0037181549705564976
1292,0.004779767710715532
1293,0.005178408697247505
1294,0.004799610935151577
1295,0.003137582680210471
1296,0.002016007201746106
1297,0.004935394041240215
1298,0.0011331585701555014
1299,0.0041465782560408115
1300,0.0044471328146755695
1301,0.003363523632287979
1302,0.002391952322795987
1303,0.0011158945271745324
1304,0.005729077383875847
1305,0.0057150074280798435
1306,0.0018931875238195062
1307,0.0018964342307299376
1308,0.005198877304792404
1309,0.002743166871368885
1310,0.003220860380679369
1311,0.0019246748415753245
1312,0.0008989688358269632
1313,0.0025156033225357533
1314,0.002160546602681279
1315,0.0017818054184317589
1316,0.0019315177341923118
1317,0.003996930085122585
1318,0.002179080154746771
1319,0.0046666888520121574
1320,0.0013230580370873213
1321,0.0037720247637480497
1322,0.002908513881266117
1323,0.0017374972812831402
1324,0.0014582392759621143
1325,0.0031664047855883837
1326,0.002460785675793886
1327,0.002657871227711439
1328,0.0019569699652493
1329,0.001451994408853352
1330,0.015965642407536507
1331,0.0028576229233294725
1332,0.0017882753163576126
1333,0.009068140760064125
1334,0.0012291725724935532
1335,0.0033111702650785446
1336,0.002772398991510272
1337,0.0037041609175503254
1338,0.0029535596258938313
1339,0.0036332581657916307
1340,0.0037138101179152727
1341,0.0014780049677938223
1342,0.004925726447254419
1343,0.004600080195814371
1344,0.009295761585235596
1345,0.00266014295630157
1346,0.002702740952372551
1347,0.002628944581374526
1348,0.0040097106248140335
1349,0.0015288011636584997
1350,0.002865453017875552
1351,0.0026385136879980564
1352,0.002043279353529215
1353,0.0017056693322956562
1354,0.0037594495806843042
1355,0.004002750851213932
1356,0.0027391542680561543
1357,0.0015393159119412303
1358,0.003144513815641403
1359,0.001407362287864089
1360,0.0037877531722187996
1361,0.002045320114120841
1362,0.00390925956889987
1363,0.002576598897576332
1364,0.003711705794557929
1365,0.002977210795506835
1366,0.0031907858792692423
1367,0.0030486569739878178
1368,0.001616035122424364
1369,0.0021370123140513897
1370,0.0016618407098576427
1371,0.0010458601173013449
1372,0.0014530511107295752
1373,0.0022364435717463493
1374,0.0024996865540742874
1375,0.003688707947731018
1376,0.0016108086565509439
1377,0.0035776689182966948
1378,0.0018278005300089717
1379,0.00439410749822855
1380,0.0034999253693968058
1381,0.004856829531490803
1382,0.0055549549870193005
1383,0.0018204650841653347
1384,0.0018110409146174788
1385,0.0023667048662900925
1386,0.0038153640925884247
1387,0.017303595319390297
1388,0.002621428109705448
1389,0.007195701356977224
1390,0.0014860432129353285
1391,0.0019418623996898532
1392,0.0018354482017457485
1393,0.001777538564056158
1394,0.0037689509335905313
1395,0.0027031952049583197
1396,0.004215598106384277
1397,0.0042872074991464615
1398,0.005092078819870949
1399,0.0016349233919754624
1400,0.003136272542178631
1401,0.0016187671571969986
1402,0.0016765970503911376
1403,0.003715064376592636
1404,0.0025064845103770494
1405,0.0022105909883975983
1406,0.006810042541474104
1407,0.003356677945703268
1408,0.00426421919837594
1409,0.002315459307283163
1410,0.002397436648607254
1411,0.0018804989522323012
1412,0.0024113282561302185
1413,0.0015810620971024036
1414,0.0030109768267720938
1415,0.0052038561552762985
1416,0.005862053018063307
1417,0.0017554496880620718
1418,0.002039038110524416
1419,0.002811180893331766
1420,0.002354075899347663
1421,0.004626113921403885
1422,0.001846842234954238
1423,0.007042631506919861
1424,0.003603672608733177
1425,0.003403908107429743
1426,0.0016803552862256765
1427,0.004111343529075384
1428,0.0030215249862521887
1429,0.010773856192827225
1430,0.0036311871372163296
1431,0.003209090558812022
1432,0.0016982769593596458
1433,0.005982039030641317
1434,0.0027446160092949867
1435,0.003649547230452299
1436,0.0046287900768220425
1437,0.004030558280646801
1438,0.002386811887845397
1439,0.001956020947545767
1440,0.003623839933425188
1441,0.007178975269198418
1442,0.003021877259016037
1443,0.0029496022034436464
1444,0.0030641178600490093
1445,0.003200281411409378
1446,0.0031134397722780704
1447,0.004205155186355114
1448,0.005659244954586029
1449,0.007460504770278931
1450,0.0020114555954933167
1451,0.0037882705219089985
1452,0.0027341418899595737
1453,0.0024653070140630007
1454,0.005225484259426594
1455,0.005285046063363552
1456,0.0028890918474644423
1457,0.002099617850035429
1458,0.003505973145365715
1459,0.0019906002562493086
1460,0.001740660285577178
1461,0.0025530937127768993
1462,0.0015298482030630112
1463,0.0027062916196882725
1464,0.003731644479557872
1465,0.002173870336264372
1466,0.001393002923578024
1467,0.0029009405989199877
1468,0.003945511765778065
1469,0.00395146943628788
1470,0.0017094919458031654
1471,0.0034024720080196857
1472,0.0020013414323329926
1473,0.013828045688569546
1474,0.0017614392563700676
1475,0.002425513230264187
1476,0.004426717758178711
1477,0.002502941759303212
1478,0.0023919844534248114
1479,0.0035314764827489853
1480,0.002186209661886096
1481,0.0027696234174072742
1482,0.003586270846426487
1483,0.004421603865921497
1484,0.002126034116372466
1485,0.0019036493031308055
1486,0.004271026700735092
1487,0.005658884532749653
1488,0.0014980238629505038
1489,0.0023280070163309574
1490,0.0031680776737630367
1491,0.011059436947107315
1492,0.002763804979622364
1493,0.0020880429074168205
1494,0.01185598410665989
1495,0.007522043772041798
1496,0.002753801876679063
1497,0.001519066747277975
1498,0.0047308700159192085
1499,0.013028008863329887
1500,0.014626951888203621
1501,0.0014642663300037384
1502,0.002151601715013385
1503,0.0054471553303301334
1504,0.002641476923599839
1505,0.0036316050682216883
1506,0.004709167405962944
1507,0.0012628671247512102
1508,0.004318770952522755
1509,0.0025439637247473
1510,0.006051346659660339
1511,0.0015692608430981636
1512,0.00276435655541718
1513,0.004590615164488554
1514,0.0021452149376273155
1515,0.002924137283116579
1516,0.0023000077344477177
1517,0.004020064137876034
1518,0.006045927293598652
1519,0.003922577016055584
1520,0.004075335338711739
1521,0.0037068778183311224
1522,0.007758619729429483
1523,0.004183723591268063
1524,0.002935115247964859
1525,0.0013782618334516883
1526,0.0036133164539933205
1527,0.009156938642263412
1528,0.012125634588301182
1529,0.01863761991262436
1530,0.00208880752325058
1531,0.0032284115441143513
1532,0.0022267582826316357
1533,0.0025374453980475664
1534,0.004680996760725975
1535,0.00380897568538785
1536,0.0034420122392475605
1537,0.003384587587788701
1538,0.001125355251133442
1539,0.003994688391685486
1540,0.0019808574579656124
1541,0.002759828930720687
1542,0.0018335648346692324
1543,0.009067131206393242
1544,0.010934395715594292
1545,0.0023113128263503313
1546,0.004001840483397245
1547,0.002235156949609518
1548,0.0040380870923399925
1549,0.004250894300639629
1550,0.005863643251359463
1551,0.0019064188236370683
1552,0.004343617241829634
1553,0.005736838094890118
1554,0.0032721441239118576
1555,0.019613133743405342
1556,0.002810551319271326
1557,0.005200815387070179
1558,0.003680639434605837
1559,0.0016050308477133512
1560,0.0037265352439135313
1561,0.002928399946540594
1562,0.002922965679317713
1563,0.0030410559847950935
1564,0.0037342896685004234
1565,0.0022023257333785295
1566,0.00954851321876049
1567,0.0027070515789091587
1568,0.0017362890066578984
1569,0.002499429974704981
1570,0.002129179425537586
1571,0.0024292184971272945
1572,0.009650659747421741
1573,0.0226503424346447
1574,0.0029264676850289106
1575,0.001384722301736474
1576,0.009459447115659714
1577,0.00428575836122036
1578,0.0040861256420612335
1579,0.014280742965638638
1580,0.003050332423299551
1581,0.0023357379250228405
1582,0.005262864753603935
1583,0.006724073085933924
1584,0.002534986939281225
1585,0.0043365685269236565
1586,0.0019470802508294582
1587,0.006857104599475861
1588,0.0027373686898499727
1589,0.005087353754788637
1590,0.004851547069847584
1591,0.0027913048397749662
1592,0.006385098211467266
1593,0.0028072919230908155
1594,0.003634757362306118
1595,0.00331813283264637
1596,0.0024881053250283003
1597,0.002299549523741007
1598,0.0018983196932822466
1599,0.005326621234416962
1600,0.003133994061499834
1601,0.016923995688557625
1602,0.0038148867897689342
1603,0.0032901286613196135
1604,0.0043137106113135815
1605,0.002534575294703245
1606,0.004340651445090771
1607,0.001319004106335342
1608,0.0034793971572071314
1609,0.003019465133547783
1610,0.0030568439979106188
1611,0.002338755875825882
1612,0.0018998885061591864
1613,0.002201317809522152
1614,0.004291637800633907
1615,0.002489062724635005
1616,0.00419193971902132
1617,0.002754859160631895
1618,0.001660521375015378
1619,0.005463429260998964
1620,0.002974684350192547
1621,0.001542546320706606
1622,0.004585020709782839
1623,0.008999436162412167
1624,0.0022327809128910303
1625,0.0034607690759003162
1626,0.005301392637193203
1627,0.002360378624871373
1628,0.0015948822256177664
1629,0.0012196274474263191
1630,0.0029351997654885054
1631,0.0062477183528244495
1632,0.003855749499052763
1633,0.004882765933871269
1634,0.004438583739101887
1635,0.003136649029329419
1636,0.0045335544273257256
1637,0.00452173687517643
1638,0.0014332011342048645
1639,0.0035761375911533833
1640,0.0016102943336591125
1641,0.0035793064162135124
1642,0.0021021345164626837
1643,0.0061913467943668365
1644,0.006062131375074387
1645,0.003741516964510083
1646,0.004154618363827467
1647,0.003058228176087141
1648,0.011946459300816059
1649,0.0018362506525591016
1650,0.0038481983356177807
1651,0.0026823398657143116
1652,0.001751832664012909
1653,0.0016666464507579803
1654,0.0017534808721393347
1655,0.0020019887015223503
1656,0.0065284473821520805
1657,0.0042374012991786
1658,0.00489969365298748
1659,0.0017442821990698576
1660,0.0062489272095263
1661,0.005245898384600878
1662,0.002916482510045171
1663,0.003983288537710905
1664,0.0060691130347549915
1665,0.005802474915981293
1666,0.0028138707857578993
1667,0.007703535258769989
1668,0.0018559165764600039
1669,0.002124651800841093
1670,0.0012061414308845997
1671,0.012363662011921406
1672,0.0035532310139387846
1673,0.0024111000820994377
1674,0.0036240899935364723
1675,0.003693589009344578
1676,0.003416712861508131
1677,0.004284238908439875
1678,0.0107203908264637
1679,0.011758605018258095
1680,0.0020423843525350094
1681,0.0016080220229923725
1682,0.0038527960423380136
1683,0.0038927486166357994
1684,0.004932759329676628
1685,0.004939642734825611
1686,0.0017456690547987819
1687,0.0037464937195181847
1688,0.0036689110565930605
1689,0.0028408679645508528
1690,0.00263292551971972
1691,0.003907473292201757
1692,0.004955602344125509
1693,0.006751959677785635
1694,0.002632143208757043
1695,0.003087282180786133
1696,0.008639492094516754
1697,0.002551908139139414
1698,0.004617378115653992
1699,0.005390821490436792
1700,0.0012602651258930564
1701,0.002476803492754698
1702,0.0035419762134552
1703,0.0020961733534932137
1704,0.014982830733060837
1705,0.009383497759699821
1706,0.0019268824253231287
1707,0.00683421827852726
1708,0.002102488884702325
1709,0.0020273802801966667
1710,0.0036674952134490013
1711,0.0020718122832477093
1712,0.0033595769200474024
1713,0.005574755370616913
1714,0.022654542699456215
1715,0.004821000620722771
1716,0.002142258919775486
1717,0.002893855795264244
1718,0.005156019702553749
1719,0.008740855380892754
1720,0.0033749197609722614
1721,0.005905988160520792
1722,0.003134137950837612
1723,0.002522696740925312
1724,0.0027505431789904833
1725,0.00541112944483757
1726,0.0071876319125294685
1727,0.004414168652147055
1728,0.0018790781032294035
1729,0.002246370306238532
1730,0.002300251740962267
1731,0.0030521033331751823
1732,0.011217217892408371
1733,0.004719124175608158
1734,0.003589106258004904
1735,0.0035297656431794167
1736,0.0032359715551137924
1737,0.005334846209734678
1738,0.004688763990998268
1739,0.0030747000128030777
1740,0.00305873597972095
1741,0.004681405611336231
1742,0.00464202556759119
1743,0.005810118280351162
1744,0.0016417814185842872
1745,0.0016451881965622306
1746,0.0059798844158649445
1747,0.0017990984488278627
1748,0.001797024509869516
1749,0.004901457112282515
1750,0.0025932027492672205
1751,0.00371036515571177
1752,0.0042617442086339
1753,0.008174082264304161
1754,0.002282583387568593
1755,0.0033670682460069656
1756,0.0038734073750674725
1757,0.0028669429011642933
1758,0.0035839746706187725
1759,0.0026589708868414164
1760,0.002496766159310937
1761,0.004395296331495047
1762,0.00500147370621562
1763,0.004920158535242081
1764,0.0043418859131634235
1765,0.0024332464672625065
1766,0.0036426137667149305
1767,0.003916583955287933
1768,0.013577772304415703
1769,0.005169314332306385
1770,0.004217064473778009
1771,0.00216635107062757
1772,0.0016817024443298578
1773,0.0042494130320847034
1774,0.004099803976714611
1775,0.0054039498791098595
1776,0.0033567864447832108
1777,0.003788684494793415
1778,0.0016476906603202224
1779,0.0017164591699838638
1780,0.0034654722549021244
1781,0.0016769099747762084
1782,0.0025830597151070833
1783,0.009184813126921654
1784,0.0033626521471887827
1785,0.004221925511956215
1786,0.006470643449574709
1787,0.0024019493721425533
1788,0.0018705971306189895
1789,0.0013891757698729634
1790,0.001806375221349299
1791,0.003482947126030922
1792,0.001968010561540723
1793,0.0028292802162468433
1794,0.0017979133408516645
1795,0.003315454814583063
1796,0.004409296903759241
1797,0.003757029538974166
1798,0.005470954813063145
1799,0.0020182509906589985
1800,0.0028134353924542665
1801,0.003171329153701663
1802,0.0029533342458307743
1803,0.002228516386821866
1804,0.0013998805079609156
1805,0.0019951611757278442
1806,0.002137152012437582
1807,0.00643964484333992
1808,0.004310861695557833
1809,0.0021684677340090275
1810,0.0020458416547626257
1811,0.0030848190654069185
1812,0.0038100723177194595
1813,0.0028132544830441475
1814,0.0019011545227840543
1815,0.003385744523257017
1816,0.0016900678165256977
1817,0.00396022479981184
1818,0.0030216057784855366
1819,0.0011420287191867828
1820,0.003535024356096983
1821,0.006542905233800411
1822,0.0028504105284810066
1823,0.020740032196044922
1824,0.0029415120370686054
1825,0.0019844230264425278
1826,0.0017249169759452343
1827,0.0023542302660644054
1828,0.0024678052868694067
1829,0.0032027680426836014
1830,0.014442198909819126
1831,0.0017559505067765713
1832,0.0033195577561855316
1833,0.0023929690942168236
1834,0.0031121731735765934
1835,0.0016597418580204248
1836,0.003312148153781891
1837,0.0037958540488034487
1838,0.004192379303276539
1839,0.005397529806941748
1840,0.0026277005672454834
1841,0.004394233226776123
1842,0.009170016273856163
1843,0.0022806497290730476
1844,0.0020542964339256287
1845,0.0035677419509738684
1846,0.0013765196781605482
1847,0.001591977197676897
1848,0.0020214030519127846
1849,0.0022842311300337315
1850,0.0020180793944746256
1851,0.0032189711928367615
1852,0.0016647751908749342
1853,0.003005865029990673
1854,0.02443476766347885
1855,0.0015181386843323708
1856,0.00915604829788208
1857,0.004712371155619621
1858,0.0022585459519177675
1859,0.007751555647701025
1860,0.018590280786156654
1861,0.005075567867606878
1862,0.001164688030257821
1863,0.0024003442376852036
1864,0.00204574060626328
1865,0.00223213667050004
1866,0.003474816679954529
1867,0.0029083776753395796
1868,0.004530247300863266
1869,0.0019143468234688044
1870,0.0021301773376762867
1871,0.002887758892029524
1872,0.004299254156649113
1873,0.0027066816110163927
1874,0.0017231228994205594
1875,0.0014791935682296753
1876,0.00229929992929101
1877,0.0013780652079731226
1878,0.0029657005798071623
1879,0.007350148633122444
1880,0.0025190720334649086
1881,0.003472784534096718
1882,0.0024983850307762623
1883,0.005784433800727129
1884,0.010732186958193779
1885,0.014887072145938873
1886,0.0031804977916181087
1887,0.004700800869613886
1888,0.0026566977612674236
1889,0.0034240614622831345
1890,0.002951413858681917
1891,0.0037186313420534134
1892,0.0015890784561634064
1893,0.00225076568312943
1894,0.0036425073631107807
1895,0.002538742497563362
1896,0.005150672513991594
1897,0.022899948060512543
1898,0.002370641101151705
1899,0.002097030868753791
1900,0.0021854881197214127
1901,0.005247046239674091
1902,0.0025602541863918304
1903,0.0026448576245456934
1904,0.003850341774523258
1905,0.0030040957499295473
1906,0.004199161659926176
1907,0.002001349814236164
1908,0.005912087392061949
1909,0.0025064547080546618
1910,0.0033486848697066307
1911,0.0050641922280192375
1912,0.004615113139152527
1913,0.003425019094720483
1914,0.005656328052282333
1915,0.0030735936015844345
1916,0.00278133200481534
1917,0.009442280046641827
1918,0.00619592797011137
1919,0.0020987684838473797
1920,0.008334847167134285
1921,0.0026056501083076
1922,0.004923590458929539
1923,0.004891077056527138
1924,0.002873307792469859
1925,0.0024101403541862965
1926,0.005763827823102474
1927,0.0029756862204521894
1928,0.002315056975930929
1929,0.004538114182651043
1930,0.018831249326467514
1931,0.0035446081310510635
1932,0.0027182945050299168
1933,0.005359831266105175
1934,0.0036901957355439663
1935,0.0025459975004196167
1936,0.0035583972930908203
1937,0.0028764307498931885
1938,0.013909228146076202
1939,0.002414708025753498
1940,0.003439420834183693
1941,0.002625982277095318
1942,0.002308805473148823
1943,0.003849251661449671
1944,0.0035980972461402416
1945,0.003837472526356578
1946,0.0037159358616918325
1947,0.0016071549616754055
1948,0.0018210187554359436
1949,0.0019233126658946276
1950,0.0025513942819088697
1951,0.005355482455343008
1952,0.0024222861975431442
1953,0.0032328879460692406
1954,0.002574432175606489
1955,0.0021998370066285133
1956,0.0033862118143588305
1957,0.002571341348811984
1958,0.012051135301589966
1959,0.005930264014750719
1960,0.0026074452325701714
1961,0.0018756510689854622
1962,0.018109070137143135
1963,0.00152018410153687
1964,0.0037713651545345783
1965,0.002716165967285633
1966,0.004067004658281803
1967,0.0031931796111166477
1968,0.002591813215985894
1969,0.002642617793753743
1970,0.0025953976437449455
1971,0.004688220098614693
1972,0.00888952985405922
1973,0.0027600880712270737
1974,0.0019012141274288297
1975,0.005923244636505842
1976,0.010043801739811897
1977,0.00494866818189621
1978,0.0025825509801506996
1979,0.0033089593052864075
1980,0.003725471906363964
1981,0.005216415971517563
1982,0.0018229533452540636
1983,0.0023173720110207796
1984,0.0030397712253034115
1985,0.004214860033243895
1986,0.0027843895368278027
1987,0.0033572346437722445
1988,0.0023901513777673244
1989,0.0023013362661004066
1990,0.0021601305343210697
1991,0.004372105468064547
1992,0.01409823913127184
1993,0.0026613534428179264
1994,0.001811597147025168
1995,0.0031048599630594254
1996,0.002271084114909172
1997,0.0034910524263978004
1998,0.0034283010754734278
1999,0.0058347806334495544
2000,0.003870683489367366
2001,0.004260131157934666
2002,0.0035863034427165985
2003,0.0010221670381724834
2004,0.001736740581691265
2005,0.004440362565219402
2006,0.0035622850991785526
2007,0.005335196852684021
2008,0.00198287027888
2009,0.0030172942206263542
2010,0.0030549345538020134
2011,0.002203730633482337
2012,0.0030555096454918385
2013,0.003637583926320076
2014,0.0015792148187756538
2015,0.00654972717165947
2016,0.0021541498135775328
2017,0.0023372541181743145
2018,0.0030607562512159348
2019,0.006191058084368706
2020,0.007254444062709808
2021,0.006504612043499947
2022,0.016275223344564438
2023,0.0040068794041872025
2024,0.006302792113274336
2025,0.004330324474722147
2026,0.0038224109448492527
2027,0.005579921416938305
2028,0.01106820534914732
2029,0.0044318195432424545
2030,0.0019950035493820906
2031,0.00258488766849041
2032,0.010874245315790176
2033,0.0011389944702386856
2034,0.0024603938218206167
2035,0.002613045508041978
2036,0.006389325484633446
2037,0.006070920266211033
2038,0.002399355173110962
2039,0.0033442950807511806
2040,0.003109593177214265
2041,0.00378137594088912
2042,0.003424824681133032
2043,0.002262041438370943
2044,0.0038066382985562086
2045,0.00777676934376359
2046,0.007968703284859657
2047,0.004060947801917791
2048,0.0020361379720270634
2049,0.0019619420636445284
2050,0.002991382498294115
2051,0.01156880334019661
2052,0.0024117694701999426
2053,0.003232873510569334
2054,0.0024028432089835405
2055,0.0022696841042488813
2056,0.0018687117844820023
2057,0.0036254916340112686
2058,0.0023245569318532944
2059,0.013964150100946426
2060,0.0036788706202059984
2061,0.0018549570813775063
2062,0.0022979374043643475
2063,0.003692343132570386
2064,0.0023492879699915648
2065,0.002370009431615472
2066,0.0011643372708931565
2067,0.0026660929434001446
2068,0.0028419941663742065
2069,0.0036083096638321877
2070,0.0017169939819723368
2071,0.0025613897014409304
2072,0.0035168437752872705
2073,0.0051780627109110355
2074,0.002845888026058674
2075,0.0034213669132441282
2076,0.0025815428234636784
2077,0.0033414214849472046
2078,0.002336416393518448
2079,0.0021308064460754395
2080,0.0027822554111480713
2081,0.001489738468080759
2082,0.0027497378177940845
2083,0.004440929740667343
2084,0.004786735866218805
2085,0.0025011831894516945
2086,0.0035639158450067043
2087,0.004106455482542515
2088,0.007169838063418865
2089,0.0032294192351400852
2090,0.005416137631982565
2091,0.030561670660972595
2092,0.002131040906533599
2093,0.0028098567854613066
2094,0.002673726761713624
2095,0.004241361282765865
2096,0.00803252961486578
2097,0.0025882255285978317
2098,0.00317011890001595
2099,0.0066916681826114655
2100,0.002622612752020359
2101,0.00413586525246501
2102,0.012549096718430519
2103,0.0062675029039382935
2104,0.008382564410567284
2105,0.002313604112714529
2106,0.0028567519038915634
2107,0.002709903521463275
2108,0.0017769250553101301
2109,0.0026733018457889557
2110,0.0021787737496197224
2111,0.003090335289016366
2112,0.003679218702018261
2113,0.0032940832898020744
2114,0.001388329197652638
2115,0.0036138698924332857
2116,0.014776487834751606
2117,0.016248030588030815
2118,0.003082278184592724
2119,0.0030121724121272564
2120,0.0038076541386544704
2121,0.006796302739530802
2122,0.0026144979055970907
2123,0.004500908777117729
2124,0.0031104437075555325
2125,0.0027873022481799126
2126,0.0018004130106419325
2127,0.003061962313950062
2128,0.0021755704656243324
2129,0.009183939546346664
2130,0.0042800698429346085
2131,0.011036313138902187
2132,0.0016979046631604433
2133,0.00241317180916667
2134,0.009130959399044514
2135,0.0026635341346263885
2136,0.003340428229421377
2137,0.007575023919343948
2138,0.002167542465031147
2139,0.005418166983872652
2140,0.011459069326519966
2141,0.0041570039466023445
2142,0.0018254920141771436
2143,0.0023457668721675873
2144,0.003111821599304676
2145,0.0029426414985209703
2146,0.002755938097834587
2147,0.0028417310677468777
2148,0.01454259268939495
2149,0.005508400499820709
2150,0.002024443354457617
2151,0.01974649354815483
2152,0.004662816412746906
2153,0.0035457322373986244
2154,0.0031716187950223684
2155,0.0024293989408761263
2156,0.0018066655611619353
2157,0.008640536107122898
2158,0.01189606823027134
2159,0.0009971671970561147
2160,0.002807083772495389
2161,0.002783409785479307
2162,0.003110851626843214
2163,0.004880963824689388
2164,0.004714811220765114
2165,0.0023319553583860397
2166,0.0018002977594733238
2167,0.005902568809688091
2168,0.003510737791657448
2169,0.0038619711995124817
2170,0.0042946976609528065
2171,0.003125137649476528
2172,0.008701300248503685
2173,0.003815623465925455
2174,0.0021389112807810307
2175,0.0029892122838646173
2176,0.014497148804366589
2177,0.002225453034043312
2178,0.004573248326778412
2179,0.0024067324120551348
2180,0.0020211695227771997
2181,0.0027186195366084576
2182,0.004178714007139206
2183,0.003695861902087927
2184,0.0044387392699718475
2185,0.01655600219964981
2186,0.01015593484044075
2187,0.0023747459053993225
2188,0.0048110270872712135
2189,0.0020372739527374506
2190,0.0052296556532382965
2191,0.007120086345821619
2192,0.0022790932562202215
2193,0.02119743451476097
2194,0.003180897329002619
2195,0.012736811302602291
2196,0.0030438448302447796
2197,0.0028515690937638283
2198,0.013040832243859768
2199,0.0030199368484318256
2200,0.0044858623296022415
2201,0.003483858658000827
2202,0.007529019378125668
2203,0.0028822096064686775
2204,0.0036070740316063166
2205,0.008747062645852566
2206,0.005921924952417612
2207,0.0025008246302604675
2208,0.0041700429283082485
2209,0.007711627520620823
2210,0.002714645117521286
2211,0.001920814742334187
2212,0.0022986293770372868
2213,0.003479012753814459
2214,0.001684563816525042
2215,0.01669331081211567
2216,0.0024837031960487366
2217,0.005498094949871302
2218,0.002866709139198065
2219,0.0021772109903395176
2220,0.0017707955557852983
2221,0.003068868536502123
2222,0.004288504831492901
2223,0.00609563197940588
2224,0.0009899630676954985
2225,0.002654304960742593
2226,0.0019472489366307855
2227,0.002008233219385147
2228,0.0012925679329782724
2229,0.0035568694584071636
2230,0.0022924456279724836
2231,0.0020095594227313995
2232,0.002017558552324772
2233,0.016447000205516815
2234,0.006726153660565615
2235,0.002407210413366556
2236,0.007198764476925135
2237,0.004209413193166256
2238,0.0019087661057710648
2239,0.002030688803642988
2240,0.0018288107821717858
2241,0.0024687922559678555
2242,0.002306191250681877
2243,0.005089045502245426
2244,0.0031803296878933907
2245,0.003790298942476511
2246,0.002763335360214114
2247,0.007684729062020779
2248,0.0034855464473366737
2249,0.002602929249405861
2250,0.0019545401446521282
2251,0.005050932057201862
2252,0.006321193650364876
2253,0.0017183503368869424
2254,0.002939809113740921
2255,0.00219186139293015
2256,0.0015859979903325438
2257,0.002622530097141862
2258,0.0031503713689744473
2259,0.003105074865743518
2260,0.0031819769646972418
2261,0.0021789767779409885
2262,0.0024233870208263397
2263,0.003068774240091443
2264,0.0033402293920516968
2265,0.01111097726970911
2266,0.0014599885325878859
2267,0.0013678661780431867
2268,0.0065081119537353516
2269,0.0034236868377774954
2270,0.005945220589637756
2271,0.004845388233661652
2272,0.0016798233846202493
2273,0.0060356552712619305
2274,0.004024685826152563
2275,0.0023565259762108326
2276,0.0015180273912847042
2277,0.0029762196354568005
2278,0.004760097712278366
2279,0.002719804411754012
2280,0.006806840188801289
2281,0.002537406049668789
2282,0.016511112451553345
2283,0.012102590873837471
2284,0.0019901907071471214
2285,0.003928167745471001
2286,0.003240325953811407
2287,0.001935394830070436
2288,0.002065362874418497
2289,0.002331383526325226
2290,0.0022592453751713037
2291,0.0026966372970491648
2292,0.002761662472039461
2293,0.0035691047087311745
2294,0.004573943093419075
2295,0.002592497505247593
2296,0.0031542410142719746
2297,0.0020239076111465693
2298,0.0016070103738456964
2299,0.0023089880123734474
2300,0.0033761339727789164
2301,0.00479856738820672
2302,0.002015292178839445
2303,0.0012693738099187613
2304,0.005061037372797728
2305,0.002361986553296447
2306,0.003216451732441783
2307,0.003967254422605038
2308,0.004714970476925373
2309,0.0042754849418997765
2310,0.0035586366429924965
2311,0.0024231071583926678
2312,0.0034812898375093937
2313,0.005077943671494722
2314,0.0034812064841389656
2315,0.003716296050697565
2316,0.002231800463050604
2317,0.008051576092839241
2318,0.001953105442225933
2319,0.0017154974630102515
2320,0.002558039966970682
2321,0.0016092747682705522
2322,0.003856486175209284
2323,0.0037353867664933205
2324,0.0034064841456711292
2325,0.0033985779155045748
2326,0.0024068686179816723
2327,0.007766738999634981
2328,0.003951128572225571
2329,0.004891376942396164
2330,0.003267898689955473
2331,0.002594038611277938
2332,0.001698805601336062
2333,0.004835988394916058
2334,0.010634398087859154
2335,0.006742446217685938
2336,0.001440313644707203
2337,0.005824203137308359
2338,0.007439441978931427
2339,0.001847859937697649
2340,0.0025663727428764105
2341,0.0020049926824867725
2342,0.005595006514340639
2343,0.003064772579818964
2344,0.0030693691223859787
2345,0.0026944538112729788
2346,0.001630234532058239
2347,0.0014297075103968382
2348,0.0020155408419668674
2349,0.0022609932348132133
2350,0.0015489468351006508
2351,0.002419895026832819
2352,0.0020869853906333447
2353,0.004483881406486034
2354,0.004154384136199951
2355,0.002020188607275486
2356,0.0027769128791987896
2357,0.0023419586941599846
2358,0.020612526684999466
2359,0.003101138398051262
2360,0.002011967357248068
2361,0.0023825368843972683
2362,0.0032749511301517487
2363,0.011078371666371822
2364,0.012281925417482853
2365,0.0029823703225702047
2366,0.0033211703412234783
2367,0.0026856353506445885
2368,0.0072818323969841
2369,0.0015102564357221127
2370,0.0018898340640589595
2371,0.003637854475528002
2372,0.0028622588142752647
2373,0.0019424876663833857
2374,0.0010862465715035796
2375,0.0021310560405254364
2376,0.0022720687557011843
2377,0.02336657978594303
2378,0.0012664992827922106
2379,0.005615548230707645
2380,0.003924171440303326
2381,0.0015556756407022476
2382,0.0033908099867403507
2383,0.0019915453158318996
2384,0.013695483095943928
2385,0.0025192848406732082
2386,0.006301857531070709
2387,0.002184442710131407
2388,0.003261492121964693
2389,0.004258248023688793
2390,0.008080444298684597
2391,0.0018765609711408615
2392,0.004494031425565481
2393,0.007428780198097229
2394,0.004147151485085487
2395,0.0024139885790646076
2396,0.002352624200284481
2397,0.0045675477012991905
2398,0.006055269856005907
2399,0.009457852691411972
2400,0.0022209917660802603
2401,0.004486072808504105
2402,0.001487757544964552
2403,0.020333146676421165
2404,0.0042304606176912785
2405,0.0027908168267458677
2406,0.013035602867603302
2407,0.013550472445786
2408,0.0019591846503317356
2409,0.004146176390349865
2410,0.00211843173019588
2411,0.0072813392616808414
2412,0.0016524618258699775
2413,0.0038256573025137186
2414,0.0020222337916493416
2415,0.0030011809431016445
2416,0.01771811954677105
2417,0.0016870545223355293
2418,0.012035624124109745
2419,0.0047713229432702065
2420,0.0026868132408708334
2421,0.0034491990227252245
2422,0.002642586827278137
2423,0.003055376000702381
2424,0.006904966197907925
2425,0.0029643846210092306
2426,0.0020236405543982983
2427,0.004186238162219524
2428,0.003216175828129053
2429,0.0020540161058306694
2430,0.002019089413806796
2431,0.0026034251786768436
2432,0.005369368940591812
2433,0.0021230592392385006
2434,0.0034623658284544945
2435,0.004580813460052013
2436,0.0015181773342192173
2437,0.004364284221082926
2438,0.0011237069265916944
2439,0.002050946466624737
2440,0.003017817623913288
2441,0.002762881340458989
2442,0.0030748266726732254
2443,0.0015446061734110117
2444,0.0019294661469757557
2445,0.003439449705183506
2446,0.0033201684709638357
2447,0.0028164824470877647
2448,0.0017504359129816294
2449,0.009268069639801979
2450,0.004215315915644169
2451,0.0031916755251586437
2452,0.002895249053835869
2453,0.0029066079296171665
2454,0.005758238956332207
2455,0.0024207690730690956
2456,0.011961466632783413
2457,0.001619707210920751
2458,0.002749004401266575
2459,0.004103874787688255
2460,0.0034464853815734386
2461,0.0038593586068600416
2462,0.003188148606568575
2463,0.0029797088354825974
2464,0.0025926968082785606
2465,0.00507809454575181
2466,0.005233682692050934
2467,0.002235203515738249
2468,0.0032640816643834114
2469,0.002668611239641905
2470,0.0064593032002449036
2471,0.00826130248606205
2472,0.003134173806756735
2473,0.002108227927237749
2474,0.0041731796227395535
2475,0.0023510258179157972
2476,0.0018274427857249975
2477,0.004389084875583649
2478,0.005387673154473305
2479,0.003840466495603323
2480,0.0016740222927182913
2481,0.004372628405690193
2482,0.0014766028616577387
2483,0.0027004475705325603
2484,0.002870202763006091
2485,0.008385833352804184
2486,0.005066343117505312
2487,0.0027352841570973396
2488,0.0027160001918673515
2489,0.0042206174694001675
2490,0.0031904990319162607
2491,0.007182030938565731
2492,0.002424611710011959
2493,0.0051750424318015575
2494,0.004293791484087706
2495,0.00229753484018147
2496,0.0017870011506602168
2497,0.003657951019704342
2498,0.005009399726986885
2499,0.0018211883725598454
2500,0.0020197469275444746
2501,0.015480967238545418
2502,0.00612522941082716
2503,0.004240137059241533
2504,0.002062605693936348
2505,0.002719460055232048
2506,0.002196058165282011
2507,0.0022829065565019846
2508,0.004650438204407692
2509,0.003732771147042513
2510,0.004647105932235718
2511,0.0034805741161108017
2512,0.0018545514903962612
2513,0.0062250131741166115
2514,0.012816937640309334
2515,0.015472780913114548
2516,0.0025107909459620714
2517,0.00436344463378191
2518,0.004923372063785791
2519,0.0027880752459168434
2520,0.0019980501383543015
2521,0.002180839190259576
2522,0.007615747861564159
2523,0.008373789489269257
2524,0.0018119702581316233
2525,0.0036204801872372627
2526,0.00448398943990469
2527,0.0013315904652699828
2528,0.0020936490036547184
2529,0.0028517746832221746
2530,0.004470118321478367
2531,0.0028422968462109566
2532,0.0027963921893388033
2533,0.0022823589388281107
2534,0.0016389647498726845
2535,0.0013947917614132166
2536,0.003343636868521571
2537,0.001267606858164072
2538,0.0037982547655701637
2539,0.00277950381860137
2540,0.002350573893636465
2541,0.0026395723689347506
2542,0.0022323450539261103
2543,0.003655672073364258
2544,0.005088417790830135
2545,0.0022142974194139242
2546,0.00440260861068964
2547,0.004029007628560066
2548,0.0013472281862050295
2549,0.0020529916509985924
2550,0.0017658374272286892
2551,0.00237289909273386
2552,0.004179983399808407
2553,0.005123877432197332
2554,0.0035637011751532555
2555,0.003537601325660944
2556,0.0017256289720535278
2557,0.001820212695747614
2558,0.0014160001883283257
2559,0.0031724197324365377
2560,0.004617033060640097
2561,0.0029183465521782637
2562,0.002292389515787363
2563,0.0028755164239555597
2564,0.0035647584591060877
2565,0.0038110055029392242
2566,0.001873164321295917
2567,0.0022935108281672
2568,0.0024067917838692665
2569,0.003379823872819543
2570,0.0037431693635880947
2571,0.0025114822201430798
2572,0.0068303123116493225
2573,0.002063586376607418
2574,0.002716965274885297
2575,0.002627692651003599
2576,0.004491888452321291
2577,0.0029866390395909548
2578,0.002662433311343193
2579,0.002585985464975238
2580,0.0031975097954273224
2581,0.0034723258577287197
2582,0.003545807907357812
2583,0.0020228137727826834
